,date,tweet,clean_tweets,len,Sentiment
0,2020-05-26 19:42:13,Corona in the airports https://t.co/hpnGAWIoZc,corona airpo hpngawiozc,23,0
1,2020-05-26 19:46:11,"RT @jwiechers: If he had said he had warned about pandemics, fair enough. So did a lot of people, but yes, he genuinely did, too.

However,…",jwiechers said warned pandemics fair enough lot people yes genuinely however,76,1
2,2020-05-26 19:46:11,"RT @t_d_h_nair: Translation: How has Narendra Modi Government handled the fight against Corona?
1. Good
2. Average 
3. Poor
4. Pathetic 

D…",h nair translation narendra modi government handled fight corona good average poor pathetic,91,-1
3,2020-05-26 19:46:11,Five more people who came recently from Delhi-Haryana have been tested positive for #COVID19. They are at Corona Ca… https://t.co/pSSzdEzuEl,five people came recently delhi haryana tested positive covid corona ca psszdezuel,82,1
4,2020-05-26 19:46:12,RT @ZamundaTwice: “Man that corona? If you even BREATHED in the air you were dead. Six feet under!” - me to my nieces &amp; nephews in 2040 htt…,zamundatwice man rona even breathed air dead six feet nieces amp nephews htt,76,-1
5,2020-05-26 19:46:12,RT @tumisole: They’ll be selling ‘Corona Water Cleanser’ at the Churches!,tumisole selling corona water cleanser churches,47,0
6,2020-05-26 19:46:13,"RT @AreginaldJ: @WTKR3 @GovernorVA I thought CDC said corona virus is .03-.07 macrons and that masks, even n95, are not effective at blocki…",areginaldj wtkr governorva thought cdc said rona virus macrons masks even n effective blocki,92,1
7,2020-05-26 19:46:13,im starting to go into the mood of not turning in any assigments&lt;3 great love that for me thanks corona for ruining… https://t.co/fpJbqWZ0Ea,im sta ing go mood turning assigments lt great love thanks rona ruining fpjbqwz ea,82,1
8,2020-05-26 19:46:14,"RT @Nick_Clamorgan: If we could, theoretically, stage a debate between the best intellectuals of both political sides, broadcasted, live an…",nick clamorgan uld theoretically stage debate best intellectuals political sides broadcasted live,97,1
9,2020-05-26 19:46:14,RT @ZamundaTwice: “Man that corona? If you even BREATHED in the air you were dead. Six feet under!” - me to my nieces &amp; nephews in 2040 htt…,zamundatwice man rona even breathed air dead six feet nieces amp nephews htt,76,-1
10,2020-05-26 19:46:16,"Wait, is there still Corona virus in this country or just vibes?",wait still corona virus untry vibes,35,0
11,2020-05-26 19:46:16,RT @ZamundaTwice: “Man that corona? If you even BREATHED in the air you were dead. Six feet under!” - me to my nieces &amp; nephews in 2040 htt…,zamundatwice man rona even breathed air dead six feet nieces amp nephews htt,76,-1
12,2020-05-26 19:46:16,"RT @jwiechers: Cummings said he warned about i.a. corona virus in 2019.

Thing is, he didn't. References to SARS and corona virus were adde…",jwiechers cummings said warned rona virus thing references sars rona virus adde,79,0
13,2020-05-26 19:46:16,RT @WISN12News: MCTS to resume collecting fares June 1 https://t.co/vSpTdtYcHR,wisn news mcts resume llecting fares june vsptdtychr,52,0
14,2020-05-26 19:46:17,"RT @AUThackeray: The good news: @mybmcWardGS now has 1002 happily recovered persons who fought and won against corona virus. 
Let’s spread…",authackeray good news mybmcwardgs happily vered persons fought rona virus let spread,84,1
15,2020-05-26 19:46:17,So true !!! @PTIofficial,true ptiofficial,16,1
16,2020-05-26 19:46:18,Smh last time I tried to fuck with a taco truck he wasn't washing his hands or wearing gloves.. right when Corona h… https://t.co/Imz4qST5db,smh last time tried fuck ta truck washing hands wearing gloves right corona h imz qst db,88,-1
17,2020-05-26 19:46:19,"RT @CMShehbaz: The pattern of leadership or no leadership at all displayed by Imran Khan in times of crises is abysmal, to put it mildly. A…",cmshehbaz pattern leadership leadership displayed imran khan times crises abysmal put mildly,92,1
18,2020-05-26 19:46:19,RT @chanceharbour: whenever corona is gone i will be always be down to do anything for the foreseeable future,chanceharbour whenever rona gone always anything foreseeable future,67,0
19,2020-05-26 19:46:19,"I like carrots and i don't understand how you not can like them, like the are orange and tasty and very beatuiful a… https://t.co/iJdN7J7FqT",like carrots understand like like orange tasty beatuiful ijdn j fqt,67,0
20,2020-05-26 19:46:20,Weirder and weirder!,weirder weirder,15,0
21,2020-05-26 19:46:20,RT @thehealthgworl: PSA: the corona virus is still very present and you can still very well die.,thehealthgworl psa rona virus still present still well die,58,0
22,2020-05-26 19:46:22,RT @_zoethomas: The @WomensHistNet corona virus hardship scheme for historians of women’s &amp; gender history also has its deadline this week…,zoethomas womenshistnet rona virus hardship scheme historians women amp gender history also deadline week,105,0
23,2020-05-26 19:46:22,RT @ZamundaTwice: “Man that corona? If you even BREATHED in the air you were dead. Six feet under!” - me to my nieces &amp; nephews in 2040 htt…,zamundatwice man rona even breathed air dead six feet nieces amp nephews htt,76,-1
24,2020-05-26 19:46:23,"RT @Nas_k27: @CMShehbaz PM khan is still engaged with His work or receiving calls from world leaders, making policies and trying to solve 1…",nas k cmshehbaz pm khan still engaged work receiving calls world leaders making policies trying solve,101,0
25,2020-05-26 19:46:23,I'm guessing you can't get Corona while eating?,guessing get corona eating,26,0
26,2020-05-26 19:46:23,RT @Bethesda_school: Our friends we thank you for all you have done for us throughout the years. We want to beg for your help during this c…,bethesda school friends thank done us throughout years want beg help c,70,0
27,2020-05-26 19:46:23,We want YOU to join our CREW! Don’t be sidelined during Corona Time.... Make some money this summer. Good #mnjobs -… https://t.co/OJMyMILhnt,want join crew sidelined corona time make money summer good mnjobs ojmymilhnt,77,1
28,2020-05-26 19:46:24,"RT @NirjhariSinha: Only 742 tested for #Corona
In Ahmedabad which has witnessed a very high death rate
Don't look for any logic. Gujarat Mo…",nirjharisinha tested corona ahmedabad witnessed high death rate look logic gujarat mo,85,1
29,2020-05-26 19:46:25,"RT @mvmeet: Instead of becoming corona warriors,

Shiv Sena goons vandalised shops after owners posted against Uddhav on Social Media!

Eve…",mvmeet instead ming rona warriors shiv sena goons vandalised shops owners posted uddhav social media eve,104,1
30,2020-05-26 19:46:25,RT @RituRathaur: Delhi Police Report says that Maulana Asad deliberately &amp; willfully allowed corona to bred for two weeks in #NizamuddinMar…,riturathaur delhi police repo says maulana asad deliberately amp willfully allowed rona bred two weeks nizamuddinmar,116,0
31,2020-05-26 19:46:25,"RT @InsafPK: Dear Mr. TT Sharif.

Needless to say how your massive corruption has been exposed through 56 Companies in Punjab &amp; yet you got…",insafpk dear mr tt sharif needless say massive rruption exposed companies punjab amp yet got,92,-1
32,2020-05-26 19:46:25,@DecodeMatrix I was searching through my dog’s vaccinations and saw he got a shot for Corona. Is this the same thing?,de dematrix searching dog vaccinations saw got shot corona thing,64,0
33,2020-05-26 19:46:25,RT @tumisole: They’ll be selling ‘Corona Water Cleanser’ at the Churches!,tumisole selling corona water cleanser churches,47,0
34,2020-05-26 19:46:25,"The fact that all of this chaos is going on in the world due to the corona virus, and white people still doing what… https://t.co/cZ7jO5Dbqg",fact chaos going world due rona virus white people still cz jo dbqg,67,-1
35,2020-05-26 19:46:25,"RT @jjowarai: @rumireports I got my corona English down pat

#japannews https://t.co/MPyrDlMPgy",jjowarai rumirepo got rona english pat japannews mpyrdlmpgy,59,0
36,2020-05-26 19:46:26,RT @tumisole: They’ll be selling ‘Corona Water Cleanser’ at the Churches!,tumisole selling corona water cleanser churches,47,0
37,2020-05-26 19:46:27,"RT @Ab_chaturvedi7: #justice_for_12th_students
@ChouhanShivraj sir we are requested you to re-think about 12th board exam don't take sudden…",ab chaturvedi justice th students chouhanshivraj sir requested think th board exam take sudden,94,0
38,2020-05-26 19:46:28,RT @Arifa_Akbar: These short films are well worth watching on BBC4 or iPlayer this week. My review: https://t.co/WaLJIHFYDB,arifa akbar sho films well wo h watching bbc iplayer week review waljihfydb,75,0
39,2020-05-26 19:46:28,"@mrjamesob Nope, he likes to think he is https://t.co/S4758G0tNG",mrjamesob nope likes think g tng,32,0
40,2020-05-26 19:46:28,RT @rifqwii: How Ms Corona be flexing:,rifqwii ms corona flexing,25,0
41,2020-05-26 19:46:29,@CMShehbaz Leadership? You stole from Pakistan’s people. That money could’ve helped the poor survive corona or rebu… https://t.co/WyaLMRkw4i,cmshehbaz leadership stole pakistan people money uld helped poor survive rona rebu wyalmrkw,91,-1
42,2020-05-26 19:46:29,"RT @FortRussNews: @QAlertsApp @TheBeeGuy0 Please see if you can RT this!

https://t.co/ANjBPrAMIB",fo russnews qale sapp thebeeguy please see anjbpramib,53,0
43,2020-05-26 19:46:29,@SethSTannenbaum @JohnWorsencroft @loumoore12 @melanienewport @admcgregor85 @danroyles @BryantSimon And to think we… https://t.co/TJJOEwmt3r,sethstannenbaum johnworsencroft loumoore melanienewpo admcgregor danroyles bryantsimon think tjjoewmt r,103,0
44,2020-05-26 19:46:30,"@DrMkhize4 Someone on here said, ""the way you guys open your mouths when you're judging others at church, the Coron… https://t.co/2rU9CxEyko",drmkhize someone said way guys open mouths judging others church coron ru cxeyko,80,0
45,2020-05-26 19:46:30,"Now playing Tragman - Really Truly
https://t.co/R89ihW8Hgk
https://t.co/ZNTD3V8N6c",playing tragman really truly r ihw hgk zntd v n c,49,1
46,2020-05-26 19:46:31,RT @MarketingWal: Wow! Just finishing Day 1 of the most amazing training #rethinkandgrowrich  I've ever attended! The trainer @PaulOMahony…,marketingwal wow finishing day amazing training rethinkandgrowrich ever attended trainer paulomahony,100,1
47,2020-05-26 19:46:31,RT @SibgatullahVirk: U r mistaken Mr. Show-baaz! He stood tall &amp; out 2 lead his nation @ the time when childern &amp; grandchildren of Late Mia…,sibgatullahvirk u r mistaken mr show baaz stood tall amp lead nation time childern amp grandchildren late mia,109,-1
48,2020-05-26 19:46:31,@marknorm Now we'll be worried if the blood on our lap has Corona in it.,marknorm worried blood lap corona,33,0
49,2020-05-26 19:46:31,"RT @AUThackeray: The good news: @mybmcWardGS now has 1002 happily recovered persons who fought and won against corona virus. 
Let’s spread…",authackeray good news mybmcwardgs happily vered persons fought rona virus let spread,84,1
50,2020-05-26 19:46:32,Fast 6 = 6 corona. https://t.co/E5vBWd7nu0,fast rona e vbwd nu,19,1
51,2020-05-26 19:46:32,sigh. When will i be able to smoke weed and then go be uncomfortable in public not cause of corona but cause of how Blazed i am,sigh able smoke weed go un mfo able public cause rona cause blazed,66,1
52,2020-05-26 19:46:32,RT @MAJORshailendra: Valid points.,majorshailendra valid points,28,0
53,2020-05-26 19:46:32,RT @Politidope: 60% of Independents nationally and majorities in every single state in America are unsatisfied with Trump's handling of COV…,politidope independents nationally majorities every single state america unsatisfied trump handling cov,103,-1
54,2020-05-26 19:46:34,RT @ameliacclarke: A long shot atm but my 19yo bro lost his job bc of corona + he might now lose his college apprenticeship to become a plu…,ameliacclarke long shot atm yo bro lost job bc rona might lose llege apprenticeship plu,87,-1
55,2020-05-26 19:46:34,Americans want to help @jim_desmond @KristinDGaspar @POTUS  to act now to stop the slow-walking of CA Reopening w/d… https://t.co/U2Be7Bo0gD,americans want help jim desmond kristindgaspar potus act stop slow walking ca reopening w u bo gd,97,-1
56,2020-05-26 19:46:34,@JaiKanta22 @SpaydMichael @WillGentry33 @TinyTim2231 @ZubyMusic Theres nothing to admit if tou really are a scienti… https://t.co/kErAwUFPKs,jaikanta spaydmichael willgentry tinytim zubymusic theres nothing admit tou really scienti kerawufpks,101,1
57,2020-05-26 19:46:35,"China is just like what  Nazi Germany was. 
But we should not be like what Poland was.",china like nazi germany like poland,35,0
58,2020-05-26 19:46:36,"RT @John__Field: Sturgeon’s main achievement has been PR (aided by a supine media, lickspittle comedians, and not being Johnson) https://t.…",john field sturgeon main achievement pr aided supine media lickspittle medians johnson,86,1
59,2020-05-26 19:46:37,THIS HARD GIVE MY BOY HIS PROPS @CesarCortess_,hard give boy props cesarco ess,31,-1
60,2020-05-26 19:46:38,"RT @hjkhan: Fourth "" COVID-19"" bulletin from @CSIR_NISCAIR with snapshots of research on #Corona, tech innovations to mitigate the #pandemi…",hjkhan fou h covid bulletin csir niscair snapshots research corona tech innovations mitigate pandemi,100,0
61,2020-05-26 19:46:38,RT @smileyface694: I fucking hate this gov. My Nan died alone. No one allowed too see her. 97years and her funeral was fucking empty. Singl…,smileyface fucking hate gov nan died alone one allowed see years funeral fucking empty singl,92,-1
62,2020-05-26 19:46:38,"RT @MFischFriedman: This is amazing and inspiring: @TheISPU is mapping #MuslimImpact during the #COVID19 pandemic, including donating food…",mfischfriedman amazing inspiring theispu mapping muslimimpact covid pandemic including donating food,100,1
63,2020-05-26 19:46:39,RT @ZamundaTwice: “Man that corona? If you even BREATHED in the air you were dead. Six feet under!” - me to my nieces &amp; nephews in 2040 htt…,zamundatwice man rona even breathed air dead six feet nieces amp nephews htt,76,-1
64,2020-05-26 19:46:41,"RT @miyahrhanyse: corona did a lot, but something about walmart not being 24 hours anymore doesn’t sit right with me.",miyahrhanyse rona lot something walma hours anymore sit right,61,1
65,2020-05-26 19:46:41,"RT @CoachJasonCook1: Drill of the Day:
Wrestling ABCs
Keep getting better on the #BrickRode during our Corona Sabbatical 
https://t.co/q5Jx…",coachjasoncook drill day wrestling abcs keep getting better brickrode corona sabbatical q jx,92,1
66,2020-05-26 19:46:41,Just bought some roller skate. Thank you impulsive corona shopping,bought roller skate thank impulsive rona shopping,49,0
67,2020-05-26 19:46:42,"RT @KTHopkins: If you shove yourself in a hedgerow / shopping aisle / dive into the freezer section for me to pass, know that you don’t hav…",kthopkins shove hedgerow shopping aisle dive freezer section pass know hav,74,0
68,2020-05-26 19:46:43,"RT @BJP4India: WHO officials greeted @drharshvardhan with ‘Namaste’ as he took charge as its Executive Board Chairman.

@drharshvardhan beg…",bjp india officials greeted drharshvardhan namaste took charge executive board chairman drharshvardhan beg,106,0
69,2020-05-26 19:46:43,RT @ZamundaTwice: “Man that corona? If you even BREATHED in the air you were dead. Six feet under!” - me to my nieces &amp; nephews in 2040 htt…,zamundatwice man rona even breathed air dead six feet nieces amp nephews htt,76,-1
70,2020-05-26 19:46:44,Yet people still think corona isn’t in Nigeria? May her soul rest in peace. Ameen.,yet people still think rona nigeria may soul rest peace ameen,61,0
71,2020-05-26 19:46:44,"RT @Itsyourkhaleesi: Hospitals like Agha Khan and PIMS are full now and won’t take anymore corona patients but khair hai, apna kya lena den…",itsyourkhaleesi hospitals like agha khan pims full take anymore rona patients khair hai apna kya lena den,105,1
72,2020-05-26 19:46:45,@UncleOdit @NYinLA2121 Stop trying to re write history. Trump was pro travel ban from countries with corona and the… https://t.co/kHvuCKdJuJ,uncleodit nyinla stop trying write history trump pro travel ban untries rona khvuckdjuj,87,0
73,2020-05-26 19:46:45,"RT @mvmeet: Instead of becoming corona warriors,

Shiv Sena goons vandalised shops after owners posted against Uddhav on Social Media!

Eve…",mvmeet instead ming rona warriors shiv sena goons vandalised shops owners posted uddhav social media eve,104,1
74,2020-05-26 19:46:45,"RT @boltibohathai: my husband is doing 8 hour shifts as an MO in a corona ward with no AC, sweating in PPE, going back to an empty house (I…",boltibohathai husband hour shifts mo rona ward ac sweating ppe going back empty house,85,-1
75,2020-05-26 19:46:45,"#PredictiveProgramming

39 years back is the farthest back the #coronahoax was announced, in #DeanKoontz book Eyes… https://t.co/N0b5bb7ygu",predictiveprogramming years back fa hest back ronahoax announced deankoontz book eyes n b bb ygu,96,0
76,2020-05-26 19:46:45,RT @ShaunKeyzSA: Song to be jamming to once the corona is over by @acillionaire . Airtime giveaway if you can guess my favourite drink answ…,shaunkeyzsa song jamming rona acillionaire ai ime giveaway guess favourite drink answ,85,0
77,2020-05-26 19:46:45,@NBCNews Here R the Crime stats-35% of all black males have a criminal record. 85% R drugs users. 80% High Sch. dro… https://t.co/KYRXJQwSAB,nbcnews r crime stats black males criminal rd r drugs users high sch dro kyrxjqwsab,83,-1
78,2020-05-26 19:46:46,"@CyrilRamaphosa Mr President of our Republic of SA. When is parliament opening?
Schools are said to be reopening on… https://t.co/uDCNlM2Zmf",cyrilramaphosa mr president republic sa parliament opening schools said reopening udcnlm zmf,92,0
79,2020-05-26 19:46:47,RT @Bethesda_school: Again - @wandecoal (Cover by Bethesda home for the Blind) This song was made with love and we hope to inspire everyone…,bethesda school wande al cover bethesda home blind song made love hope inspire everyone,87,0
80,2020-05-26 19:46:47,RT @ZamundaTwice: “Man that corona? If you even BREATHED in the air you were dead. Six feet under!” - me to my nieces &amp; nephews in 2040 htt…,zamundatwice man rona even breathed air dead six feet nieces amp nephews htt,76,-1
81,2020-05-26 19:46:47,@WalshFreedom I agree with this for the same reason that all his corona-task-force-rally-press-briefing-arguments n… https://t.co/9noF88w5F5,walshfreedom agree reason rona task force rally press briefing arguments n nof w f,82,0
82,2020-05-26 19:46:48,RT @ZamundaTwice: “Man that corona? If you even BREATHED in the air you were dead. Six feet under!” - me to my nieces &amp; nephews in 2040 htt…,zamundatwice man rona even breathed air dead six feet nieces amp nephews htt,76,-1
83,2020-05-26 19:46:49,"RT @shytigress: Shouldn't This Guy be Charged &amp; Locked up for always standing up for Anti National Forces &amp; Imposing his third rate"" Quawal…",shytigress guy charged amp locked always standing anti national forces amp imposing third rate quawal,101,0
84,2020-05-26 19:46:50,Humans are something else nje!,humans something else nje,25,0
85,2020-05-26 19:46:50,"President Trump is the worst president this country has ever seen. He lies daily, puts down anyone that speaks agai… https://t.co/JRM6Q1MAD0",president trump worst president untry ever seen lies daily puts anyone speaks agai jrm q mad,92,-1
86,2020-05-26 19:46:50,@BJP4India sir what about corona cases and it's devolopment we are in a serious condition there is no time for cele… https://t.co/HgkCjmlqWw,bjp india sir rona cases devolopment serious ndition time cele hgkcjmlqww,73,-1
87,2020-05-26 19:46:50,RT @talhajawed_: before corona,talhajawed rona,15,0
88,2020-05-26 19:46:52,"RT @awoken_squid: me, age 14, in the middle of the SARS epidemic: watching sailor moon on tv for the parts where she's naked during transfo…",awoken squid age middle sars epidemic watching sailor moon tv pa naked transfo,78,0
89,2020-05-26 19:46:53,RT @VPurohit29: We are deliberately being thrown in the mouth of danger. Conducting exams amid pandemic is like pushing us to fell ill. #mp…,vpurohit deliberately thrown mouth danger conducting exams amid pandemic like pushing us fell ill mp,100,-1
90,2020-05-26 19:46:54,"RT @AUThackeray: The good news: @mybmcWardGS now has 1002 happily recovered persons who fought and won against corona virus. 
Let’s spread…",authackeray good news mybmcwardgs happily vered persons fought rona virus let spread,84,1
91,2020-05-26 19:46:54,RT @ZamundaTwice: “Man that corona? If you even BREATHED in the air you were dead. Six feet under!” - me to my nieces &amp; nephews in 2040 htt…,zamundatwice man rona even breathed air dead six feet nieces amp nephews htt,76,-1
92,2020-05-26 19:46:56,RT @ZamundaTwice: “Man that corona? If you even BREATHED in the air you were dead. Six feet under!” - me to my nieces &amp; nephews in 2040 htt…,zamundatwice man rona even breathed air dead six feet nieces amp nephews htt,76,-1
93,2020-05-26 19:46:57,"RT @AUThackeray: The good news: @mybmcWardGS now has 1002 happily recovered persons who fought and won against corona virus. 
Let’s spread…",authackeray good news mybmcwardgs happily vered persons fought rona virus let spread,84,1
94,2020-05-26 19:46:58,Corona brought everything to halt. Except politics. In chutiyo key samne woh bhi har gaya. #Modi4Maharashtra,corona brought everything halt except politics chutiyo key samne woh bhi har gaya modi maharashtra,98,0
95,2020-05-26 19:46:58,"RT @Nick_Clamorgan: If we could, theoretically, stage a debate between the best intellectuals of both political sides, broadcasted, live an…",nick clamorgan uld theoretically stage debate best intellectuals political sides broadcasted live,97,1
96,2020-05-26 19:46:59,RT @dme_363: Remember not to apologise to her until the Chinese admit to making corona. https://t.co/YkqgAXNBQX,dme remember apologise chinese admit making rona ykqgaxnbqx,59,0
97,2020-05-26 19:46:59,RT @jjsorrenti: Proud to represent #bestlifebrands and our businesses @comforcare @CarePatrolCares @BlueMoonEstSale in discussing how franc…,jjsorrenti proud represent bestlifebrands businesses mforcare carepatrolcares bluemoonestsale discussing franc,110,1
98,2020-05-26 19:46:59,"RT @Shujaatsays: Parents, grand parents and all old relatives still thinking that this Corona is all drama and nothing serious. Jinko sbse…",shujaatsays parents grand parents old relatives still thinking corona drama nothing serious jinko sbse,102,1
99,2020-05-26 19:46:59,"RT @MahmoodK69: This is coming from a man who jumped from one woman’s bed into another. 

The art of bed hopping taught to him by his MOTHE…",mahmoodk ming man jumped one woman bed another bed hopping taught mothe,71,0
100,2020-05-26 19:47:00,'I'd love to see their parents' bank accounts': corona and comedy's class divide https://t.co/YUcx9gMwNZ,love see parents bank ac unts rona medy class divide yucx gmwnz,63,1
101,2020-05-26 19:47:01,RT @DiverseAlz: Question 4 Corona is here. How does one cope with a corona related death that is totally unexpected. Should one even start…,diversealz question corona one pe rona related death totally unexpected one even sta,84,1
102,2020-05-26 19:47:01,"RT @jwiechers: Cummings said he warned about i.a. corona virus in 2019.

Thing is, he didn't. References to SARS and corona virus were adde…",jwiechers cummings said warned rona virus thing references sars rona virus adde,79,0
103,2020-05-26 19:47:01,RT @ZamundaTwice: “Man that corona? If you even BREATHED in the air you were dead. Six feet under!” - me to my nieces &amp; nephews in 2040 htt…,zamundatwice man rona even breathed air dead six feet nieces amp nephews htt,76,-1
104,2020-05-26 19:47:01,RT @ZamundaTwice: “Man that corona? If you even BREATHED in the air you were dead. Six feet under!” - me to my nieces &amp; nephews in 2040 htt…,zamundatwice man rona even breathed air dead six feet nieces amp nephews htt,76,-1
105,2020-05-26 19:46:58,My summer still gon be lit regardless. Corona aint stopping me,summer still gon lit regardless corona aint stopping,52,0
106,2020-05-26 19:47:02,And Anointing Corona Oils,anointing corona oils,21,0
107,2020-05-26 19:47:03,RT @ZamundaTwice: “Man that corona? If you even BREATHED in the air you were dead. Six feet under!” - me to my nieces &amp; nephews in 2040 htt…,zamundatwice man rona even breathed air dead six feet nieces amp nephews htt,76,-1
108,2020-05-26 19:47:04,"RT @Iamsegro: I don’t know who needs to hear this but there are no holy sanitizers, soap or water that can kill the corona virus. If I have…",iamsegro know needs hear holy sanitizers soap water kill rona virus,67,0
109,2020-05-26 19:47:05,RT @KharloKong: The fact that so many of y'all watched Walking Dead and thought you'd survive but can't wear a paper mask on your face for…,kharlokong fact many watched walking dead thought survive wear paper mask face,78,1
110,2020-05-26 19:47:06,RT @ZamundaTwice: “Man that corona? If you even BREATHED in the air you were dead. Six feet under!” - me to my nieces &amp; nephews in 2040 htt…,zamundatwice man rona even breathed air dead six feet nieces amp nephews htt,76,-1
111,2020-05-26 19:47:06,Bogus smh.,bogus smh,9,0
112,2020-05-26 19:47:06,RT @thakur_shivangi: 97 deaths reported in last 24hrs in #Maharashtra and 2091 corona positive new cases found. State total stands at 54758.,thakur shivangi deaths repo ed last hrs maharashtra rona positive new cases found state total stands,100,1
113,2020-05-26 19:47:06,"RT @atti_cus: BJP+hate media in overdrive to paint the incorrect picture that Maharashtra Government is doing a bad job. 

Do retweet and a…",atti cus bjp hate media overdrive paint rrect picture maharashtra government bad job retweet,92,-1
114,2020-05-26 19:47:07,@MichStatePolice @GovWhitmer Gov Whitmer thank you so much for your leadership during this corona pandemic. You hav… https://t.co/9Gsn3oHaRV,michstatepolice govwhitmer gov whitmer thank much leadership rona pandemic hav gsn oharv,88,1
115,2020-05-26 19:47:08,"RT @manjeet_sudan: @RBI @DasShaktikanta @RBIsays PMC Bank Depositors Traumatised, Killed, Awake MODI Govt/RBI, made to beg own Monies, Jugg…",manjeet sudan rbi dasshaktikanta rbisays pmc bank depositors traumatised killed awake modi govt rbi made beg monies jugg,120,-1
116,2020-05-26 19:47:08,RT @MitchBenn: Cummings edited his blog a few weeks ago to ADD predictions of the COVID pandemic to posts he originally wrote last year and…,mitchbenn cummings edited blog weeks ago add predictions covid pandemic posts originally wrote last year,104,1
117,2020-05-26 19:47:08,"RT @HLAurora63: Trump is NOT RESPONSIBLE for one death or one lost job due to the corona virus.....

CHINA IS.",hlaurora trump responsible one death one lost job due rona virus china,70,1
118,2020-05-26 19:47:09,RT @rohanrgupta: We were already struggling with unemployment before corona but now the situation has complicated ! We need to find solutio…,rohanrgupta already struggling unemployment rona situation mplicated need find solutio,86,0
119,2020-05-26 20:23:44,"RT @AUThackeray: The good news: @mybmcWardGS now has 1002 happily recovered persons who fought and won against corona virus. 
Let’s spread…",authackeray good news mybmcwardgs happily vered persons fought rona virus let spread,84,1
120,2020-05-26 20:23:44,"RT @ningiza_sive: Update. 

This is just to update everyone that I’m recovering quite well. The symptoms are no longer present. I also comp…",ningiza sive update update everyone vering quite well symptoms longer present also mp,85,0
121,2020-05-26 20:23:45,RT @ZamundaTwice: “Man that corona? If you even BREATHED in the air you were dead. Six feet under!” - me to my nieces &amp; nephews in 2040 htt…,zamundatwice man rona even breathed air dead six feet nieces amp nephews htt,76,-1
122,2020-05-26 20:23:46,RT @ganeshmpandey: @mohitbharatiya_ Worry is not of Corona positive patient rising in Maharashtra specially in Mumbai worry is only social…,ganeshmpandey mohitbharatiya worry corona positive patient rising maharashtra specially mumbai worry social,107,1
123,2020-05-26 20:23:46,RT @zartajgulwazir: Witchcraft? I condemn these shameless remarks full of innuendos. A sign of a diseased mind that stoops so low and can't…,za ajgulwazir witchcraft ndemn shameless remarks full innuendos sign diseased mind stoops low,93,-1
124,2020-05-26 20:23:46,"RT @Sark_Royals: As The Official SarkNation Women's Wing, We Had Our Executives Meeting Yesterday 24/05/2020 To Discuss About Our Plans For…",sark royals official sarknation women wing executives meeting yesterday discuss plans,85,0
125,2020-05-26 20:23:46,"RT @jwiechers: Cummings said he warned about i.a. corona virus in 2019.

Thing is, he didn't. References to SARS and corona virus were adde…",jwiechers cummings said warned rona virus thing references sars rona virus adde,79,0
126,2020-05-26 20:23:47,RT @adnangambary: Can’t wait to say “remember corona”,adnangambary wait say remember rona,35,0
127,2020-05-26 20:23:47,"RT @MayaDeWit: #CoronaVirusPandemic and the effects on interpreters working at the #EU institutions

#1nt #1ntSL @EUInterpreters @aiiconlin…",mayadewit coronaviruspandemic effects interpreters working eu institutions nt ntsl euinterpreters aii nlin,106,0
128,2020-05-26 20:23:48,"RT @CoronaRenderer: Simplicity and elegance are key in Magdalena Marczak's ""Burnished Brown"" project, first in a ""twelve colors"" series: ht…",coronarenderer simplicity elegance key magdalena marczak burnished brown project first twelve lors series ht,108,1
129,2020-05-26 20:23:48,RT @thespinsterymc: PALESTINE IS NOT A JEWISH IDENTITY ISSUE. How many times do we have to say this?,thespinsterymc palestine jewish identity issue many times say,61,1
130,2020-05-26 20:23:48,RT @ZamundaTwice: “Man that corona? If you even BREATHED in the air you were dead. Six feet under!” - me to my nieces &amp; nephews in 2040 htt…,zamundatwice man rona even breathed air dead six feet nieces amp nephews htt,76,-1
131,2020-05-26 20:23:48,"RT @SomtoSocial: First rape case after Corona Virus:

Bayern vs Chelsea #UCL",somtosocial first rape case corona virus bayern vs chelsea ucl,62,1
132,2020-05-26 20:23:49,RT @Gudeka: Humans are something else nje!,gudeka humans something else nje,32,0
133,2020-05-26 20:23:50,RT @TommyHicksGOP: “Americans will not accept arbitrarily and capricious rules to dictate our lives. The separation of powers built into ou…,tommyhicksgop americans accept arbitrarily capricious rules dictate lives separation powers built ou,100,-1
134,2020-05-26 20:23:50,RT @Politidope: 60% of Independents nationally and majorities in every single state in America are unsatisfied with Trump's handling of COV…,politidope independents nationally majorities every single state america unsatisfied trump handling cov,103,-1
135,2020-05-26 20:23:50,#Lindner #Corona   Wonder Woman Muscle Fuck porn usa https://t.co/cXwEJgCvVs,lindner corona wonder woman muscle fuck porn usa cxwejgcvvs,59,-1
136,2020-05-26 20:23:51,"RT @SamCoatesSky: So a contact tracer phones you up, and tells you that someone infected they cannot name might have been near you. 

And y…",samcoatessky ntact tracer phones tells someone infected cannot name might near,78,1
137,2020-05-26 20:23:53,"RT @SATAVRAJEEV: Mr. Darshan Deshmukh(Passport No.Z2518266),native of Maharashtra,working in Kuwait is unfortunately Corona +ve. He is admi…",satavrajeev mr darshan deshmukh passpo z native maharashtra working kuwait unfo unately corona admi,99,0
138,2020-05-26 20:23:54,@PaulRobson63 @marob23 @Effiedeans How about this for a nice but of twisting of the actuality. https://t.co/2kMhy77JeY,paulrobson marob effiedeans nice twisting actuality kmhy jey,60,1
139,2020-05-26 20:23:54,"I MISS BTS SO MUCH I HATE CORONA, FUCK THAT BITCH. I JSUT WANNA SEE MY HAPPINESS IN PERSON AGAIN OH GOD",miss bts much hate corona fuck bitch jsut wanna see happiness person oh god,75,-1
140,2020-05-26 20:23:55,"RT @JaladShrimali: When the whole world is afraid of the damage corona virus is doing everyday, our deemed education system is busy to prep…",jaladshrimali whole world afraid damage rona virus everyday deemed education system busy prep,93,-1
141,2020-05-26 20:23:56,"RT @OFemmeFataleZ: I'm pretty sure this is the whole reason I haven't got COVID at this point...

https://t.co/ZFxqAwzyUm",ofemmefatalez pretty sure whole reason got covid point zfxqawzyum,65,1
142,2020-05-26 20:23:56,"RT @killedbyproxy: From today's protest in Stockholm against Sweden's corona policy. The CNN and media from Germany, France and Radio Swede…",killedbyproxy today protest stockholm sweden rona policy cnn media germany france radio swede,93,0
143,2020-05-26 20:23:56,RT @Kevin_Maguire: Johnson paying a high price for his poor judgment on Cummings https://t.co/Su0D4CW9sO,kevin maguire johnson paying high price poor judgment cummings su cw,68,-1
144,2020-05-26 20:23:56,Corona struck and Dance Monkey stopped playing on the radio,corona struck dance monkey stopped playing radio,48,-1
145,2020-05-26 20:23:56,"RT @RukminiMaitra: This seems like a catastrophic year!
Corona, Gas Leak, Factory Fires, Plane crash, A SuperCyclone, Forest Fire and now a…",rukminimaitra seems like catastrophic year corona gas leak factory fires plane crash supercyclone forest fire,109,0
146,2020-05-26 20:23:57,RT @ZamundaTwice: “Man that corona? If you even BREATHED in the air you were dead. Six feet under!” - me to my nieces &amp; nephews in 2040 htt…,zamundatwice man rona even breathed air dead six feet nieces amp nephews htt,76,-1
147,2020-05-26 20:23:57,I’m so glad that the only politics to do with corona in the UK is about the torries reaction to the virus. And not… https://t.co/QZ2mM8oTHi,glad politics rona uk torries reaction virus qz mm othi,55,1
148,2020-05-26 20:23:58,"RT @henrymance: Woah, this seems far-fetched. But I have checked on the Wayback Machine and get the same result. 

What else could explain…",henrymance woah seems far fetched checked wayback machine get result else uld explain,85,1
149,2020-05-26 20:23:58,"@juo_jo @WSJ Or it was let out there during war games , u have fort detrick also making Corona virus , it's not unl… https://t.co/L2MXGGy1ah",juo jo wsj let war games u fo detrick also making corona virus unl l mxggy ah,77,0
150,2020-05-26 20:23:58,"RT @standamericanow: ""As the pandemic has made clear, the U.S., and the West as a whole, cannot continue to depend on an authoritarian riva…",standamericanow pandemic made clear u west whole cannot ntinue depend authoritarian riva,88,1
151,2020-05-26 20:23:58,RT @ZamundaTwice: “Man that corona? If you even BREATHED in the air you were dead. Six feet under!” - me to my nieces &amp; nephews in 2040 htt…,zamundatwice man rona even breathed air dead six feet nieces amp nephews htt,76,-1
152,2020-05-26 20:23:59,RT @EuniceNyandat: @WIForumORG @MaritaR @swwenairobi  invite everyone in the #Kenya's #startup ecosystem May 27 12:30 PM #Kenya time to a s…,eunicenyandat wiforumorg maritar swwenairobi invite everyone kenya sta e system may pm kenya time,97,0
153,2020-05-26 20:23:59,"@GuardianNurses Highly advanced Research put an end to corona pandemic in days.
Only for highly educated people to… https://t.co/wXCqiMdflF",guardiannurses highly advanced research put end rona pandemic days highly educated people wxcqimdflf,100,1
154,2020-05-26 20:23:59,"RT @CMShehbaz: The pattern of leadership or no leadership at all displayed by Imran Khan in times of crises is abysmal, to put it mildly. A…",cmshehbaz pattern leadership leadership displayed imran khan times crises abysmal put mildly,92,1
155,2020-05-26 20:24:01,In awe of these beautiful birds who spend long periods traversing the oceans to return to their coastal nesting sit… https://t.co/BmKV6JXXch,awe beautiful birds spend long periods traversing oceans return astal nesting sit bmkv jxxch,92,1
156,2020-05-26 20:24:01,I know social distancing is a big thing and I know it’s very important rn and I get it but please do not EVER wish… https://t.co/YDwMAsn2BV,know social distancing big thing know impo ant rn get please ever wish ydwmasn bv,81,1
157,2020-05-26 20:24:01,"RT @jwiechers: Cummings said he warned about i.a. corona virus in 2019.

Thing is, he didn't. References to SARS and corona virus were adde…",jwiechers cummings said warned rona virus thing references sars rona virus adde,79,0
158,2020-05-26 20:24:03,"RT @jepence: Americans will not accept arbitrarily and capricious rules to dictate our lives. 

Securing our American Dream requires unders…",jepence americans accept arbitrarily capricious rules dictate lives securing american dream requires unders,107,-1
159,2020-05-26 20:24:04,@GolfLRE Was she listed as a Corona virus on her Death Certificate?,golflre listed corona virus death ce ificate,44,0
160,2020-05-26 20:24:04,My local game store- @GameEmpireSD- is now open. And it looks like they are being responsible about tha Corona w/ma… https://t.co/cNJYfilIDm,local game store gameempiresd open looks like responsible tha corona w cnjyfilidm,81,-1
161,2020-05-26 20:24:04,RT @805karlaa: corona rlly said “oh cus i thought 2020 said sum”,karlaa rona rlly said oh cus thought said sum,45,0
162,2020-05-26 20:24:05,@UhBlakey See Normally Id Agree With Ya Nons Free In Life But Its 2020 And Corona Is Hitting Hard Everyone And The… https://t.co/JOi1zjHLix,uhblakey see normally id agree ya nons free life corona hitting hard everyone joi zjhlix,88,1
163,2020-05-26 20:24:06,Wow now they saying corona virus is in sewage water and beach water n the activ around the water is what make it a hazard,wow saying rona virus sewage water beach water n activ around water make hazard,79,1
164,2020-05-26 20:24:06,"RT @albela_raahi27: Drs ko double tankhwa mil rhi hai
Hospitals me ventilators available hain
Pakistan me corona itna severe nahi hai
For m…",albela raahi drs ko double tankhwa mil rhi hai hospitals ventilators available hain pakistan rona itna severe nahi hai,118,1
165,2020-05-26 20:24:06,RT @WillowWyse: @BorisJohnson Dear people of Britain. Here are the results from the latest Dutch antibody tests showing the fatality rate o…,willowwyse borisjohnson dear people britain results latest dutch antibody tests showing fatality rate,101,1
166,2020-05-26 20:24:07,RT @jiafakhar: Get well soon hero ♥️,jiafakhar get well soon hero,28,0
167,2020-05-26 20:24:08,@LindiMazibuko Think i had that bad in the days of apartheid churches were used to pray or to hide people I know la… https://t.co/SQvCoGfLQR,lindimazibuko think bad days apa heid churches used pray hide people know la sqvcogflqr,87,-1
168,2020-05-26 20:24:09,"RT @ningiza_sive: Update. 

This is just to update everyone that I’m recovering quite well. The symptoms are no longer present. I also comp…",ningiza sive update update everyone vering quite well symptoms longer present also mp,85,0
169,2020-05-26 20:24:09,"RT @yadailymood_: corona virus will end soon, AMEN",yadailymood rona virus end soon amen,36,0
170,2020-05-26 20:24:10,RT @ZamundaTwice: “Man that corona? If you even BREATHED in the air you were dead. Six feet under!” - me to my nieces &amp; nephews in 2040 htt…,zamundatwice man rona even breathed air dead six feet nieces amp nephews htt,76,-1
171,2020-05-26 20:24:10,"RT @ArpitaCP: A friend of mine always tells me  ""Life will always knock you down. What matters most is how quickly you would be back on you…",arpitacp friend mine always tells life always knock matters quickly would back,78,1
172,2020-05-26 20:24:14,"RT @AUThackeray: The good news: @mybmcWardGS now has 1002 happily recovered persons who fought and won against corona virus. 
Let’s spread…",authackeray good news mybmcwardgs happily vered persons fought rona virus let spread,84,1
173,2020-05-26 20:24:15,RT @ZamundaTwice: “Man that corona? If you even BREATHED in the air you were dead. Six feet under!” - me to my nieces &amp; nephews in 2040 htt…,zamundatwice man rona even breathed air dead six feet nieces amp nephews htt,76,-1
174,2020-05-26 20:24:16,Wish I could give him a little nudge.,wish uld give little nudge,26,-1
175,2020-05-26 20:24:16,look guys i know it's summer and we've suffered through winter then corona came and locked us in some more. but jus… https://t.co/8HT4Dxy7j6,look guys know summer suffered winter rona came locked us jus ht dxy j,70,0
176,2020-05-26 20:24:17,"Shahbaz sharif saying this is not a surprise, but what will be a surprise would be the return of Nawaz who has left… https://t.co/nAJtUFsRM7",shahbaz sharif saying surprise surprise would return nawaz left najtufsrm,73,0
177,2020-05-26 20:24:17,"How was I so active on Twitter pre-corona? I had so much energy, and had so much to say? Present me can’t even imagine",active twitter pre rona much energy much say present even imagine,65,1
178,2020-05-26 20:24:18,"RT @ECCMonline: #facemask #mouthcap #mundmaske #schutzmasken #mondkapje #gezichtmasker #Mascarilla #Corona #coronavirus 

3 layer 100% natu…",eccmonline facemask mouthcap mundmaske schutzmasken mondkapje gezichtmasker mascarilla corona ronavirus layer natu,114,0
179,2020-05-26 20:24:19,"@lonelyplanet Yes, it's very safe country for now. While the world is struggling against Corona virus,  Georgia has only 183 active cases.",lonelyplanet yes safe untry world struggling corona virus georgia active cases,78,1
180,2020-05-26 20:24:19,"RT @Outsidenes: Global market collapsing under its own weight, crypto in a kamikaze death-spiral, corona chan marching across the occident.…",outsidenes global market llapsing weight crypto kamikaze death spiral rona chan marching across occident,104,0
181,2020-05-26 20:24:19,Josh #DKP Hot Babe Gets Caught Trying To Leave The Corona Virus Quarantine Area porn usa https://t.co/xvxOUsX5ym,josh dkp hot babe gets caught trying leave corona virus quarantine area porn usa xvxousx ym,91,1
182,2020-05-26 20:24:20,"Just tryna smoke the fattest backwoods in denver, at the top of the Warwick hotel. If this corona shit ever stops.",tryna smoke fattest backwoods denver top warwick hotel rona shit ever stops,75,1
183,2020-05-26 20:24:20,"RT @shankar6763: @OpIndia_com @Joisgirish When you can't control #Corona, control @republic, the conscience of the Nation.",shankar opindia joisgirish ntrol corona ntrol republic nscience nation,70,0
184,2020-05-26 20:24:20,"RT @Sassypaws: Apparently, about 25% of the number of deaths reported to the CDC are not ""caused by"" the Coronavirus but are ""due to"" (i.e.…",sassypaws apparently number deaths repo ed cdc caused coronavirus due e,71,-1
185,2020-05-26 20:24:21,"RT @WhoNehr: - Nepal is changing Map

- China is intruding LAC

- Shramik Train losing its track

- Corona cases increasing

Meanwhile BJP…",whonehr nepal changing map china intruding lac shramik train losing track corona cases increasing meanwhile bjp,111,0
186,2020-05-26 20:24:21,"RT @henrymance: Woah, this seems far-fetched. But I have checked on the Wayback Machine and get the same result. 

What else could explain…",henrymance woah seems far fetched checked wayback machine get result else uld explain,85,1
187,2020-05-26 20:24:22,RT @tumisole: They’ll be selling ‘Corona Water Cleanser’ at the Churches!,tumisole selling corona water cleanser churches,47,0
188,2020-05-26 20:24:22,@ThorstenPolleit @mises @GOLD @stocks @investing @corona @europe @US @fed @PrestonPysh Is that what you were talkin… https://t.co/8ZycOWI2Gv,thorstenpolleit mises gold stocks investing rona europe us fed prestonpysh talkin zycowi gv,91,0
189,2020-05-26 20:24:22,"RT @PTIofficial: When nothing else works, make personal attacks; quite an old tactic of PMLN. Since Shahbaz Sharif is now a politically nob…",ptiofficial nothing else works make personal attacks quite old tactic pmln since shahbaz sharif politically nob,111,1
190,2020-05-26 20:24:22,"RT @WhoNehr: - Nepal is changing Map

- China is intruding LAC

- Shramik Train losing its track

- Corona cases increasing

Meanwhile BJP…",whonehr nepal changing map china intruding lac shramik train losing track corona cases increasing meanwhile bjp,111,0
191,2020-05-26 20:24:22,"@drphilhammond @patcp66 Highly advanced Research put an end to corona pandemic in days.
Only for highly educated pe… https://t.co/twn499z3c7",drphilhammond patcp highly advanced research put end rona pandemic days highly educated pe twn z c,98,1
192,2020-05-26 20:24:23,RT @davidscottjaffe: My local game store- @GameEmpireSD- is now open. And it looks like they are being responsible about tha Corona w/masks…,davids ttjaffe local game store gameempiresd open looks like responsible tha corona w masks,91,-1
193,2020-05-26 20:24:23,@ValaAfshar @Wipro Azim g a legend can't be described in words. He is not oppurtunist beggar businessmen like amban… https://t.co/5CjTrdNxy1,valaafshar wipro azim g legend described words oppu unist beggar businessmen like amban cjtrdnxy,96,0
194,2020-05-26 20:24:23,RT @mfstarg: police brutality n corona .. americans love killing fellow americans for some fckn reason . least patriotic shit i ever heard…,mfstarg police brutality n rona americans love killing fellow americans fckn reason least patriotic shit ever heard,115,0
195,2020-05-26 20:24:24,"RT @mcmansionhell: Hello! Are you tired of seeing design blogs posting cyberpunk masks &amp; ""post-Corona design solutions"" involving giant soc…",mcmansionhell hello tired seeing design blogs posting cyberpunk masks amp post corona design solutions involving giant soc,122,-1
196,2020-05-26 20:24:26,Gas the way back in like January Conor briefly mentioned he might go to Canada this summer and I cried thinking bou… https://t.co/ZN2FiRjB2F,gas way back like january conor briefly mentioned might go canada summer cried thinking bou zn firjb f,102,0
197,2020-05-26 20:24:26,RT @tharealjuiicyk: @CocoAve They risking corona for white women,tharealjuiicyk co ave risking rona white women,46,0
198,2020-05-26 20:24:26,RT @funnyfacegh: Ghana will be sweet after corona virus .. TO GOD BE THE GLORY .. never be up on ur dreams and always be happy no matter wh…,funnyfacegh ghana sweet rona virus god glory never ur dreams always happy matter wh,83,1
199,2020-05-26 20:24:26,RT @MugoyaMusa: Click https://t.co/cxabLsai6P to watch @MediaAgendas experience as @ISERUganda's Community Outreach Officer during #Lockdow…,mugoyamusa click cxablsai p watch mediaagendas experience iseruganda community outreach officer lockdow,103,0
200,2020-05-26 20:24:27,"RT @Rabipirzada: کرونا قرنطینہ اور میری مہندی
Quarantine times start for me unless i get my corona results negative. My last days of Eid we…",rabipirzada quarantine times sta unless get rona results negative last days eid,79,-1
201,2020-05-26 20:24:27,"RT @mqakhokhar: #Corona situation is worsening in #Pakistan, which now has 18th largest number of #COVID19 patients in the world. Please ma…",mqakhokhar corona situation worsening pakistan th largest number covid patients world please,92,0
202,2020-05-26 20:24:28,RT @HasanSaeed6: Someone lost their father to Corona and multiple family members including his mother tested positive as well. He looked af…,hasansaeed someone lost father corona multiple family members including mother tested positive well looked af,109,1
203,2020-05-26 20:24:28,"What if this corona virus was nothing but PLACEBO ! 
#coronavirus 
#Covid_19",rona virus nothing placebo ronavirus covid,42,0
204,2020-05-26 20:24:29,"RT @CMShehbaz: The pattern of leadership or no leadership at all displayed by Imran Khan in times of crises is abysmal, to put it mildly. A…",cmshehbaz pattern leadership leadership displayed imran khan times crises abysmal put mildly,92,1
205,2020-05-26 20:24:29,"RT @KiranKS: 1) Why sudden aggression of China from the Tibet &amp; Aksai Chin sides against India in Ladakh?

Three reasons:
a) Divert from Co…",kiranks sudden aggression china tibet amp aksai chin sides india ladakh three reasons dive co,93,0
206,2020-05-26 20:24:29,"What's happening to the world. In present Corona is ruining the world, people are losing their families, dieing wit… https://t.co/1b9AjNJ1C7",happening world present corona ruining world people losing families dieing wit b ajnj c,87,0
207,2020-05-26 20:24:30,"RT @Awsh995: The Church of the Nativity in Bethlehem opens its doors after more than 80 days of closure due to Corona.
 #Act4Palestine http…",awsh church nativity bethlehem opens doors days closure due corona act palestine,80,-1
208,2020-05-26 20:24:31,"RT @AUThackeray: The good news: @mybmcWardGS now has 1002 happily recovered persons who fought and won against corona virus. 
Let’s spread…",authackeray good news mybmcwardgs happily vered persons fought rona virus let spread,84,1
209,2020-05-26 20:24:31,Meanwhile corona https://t.co/xQdLoKwizL,meanwhile rona xqdlokwizl,25,0
210,2020-05-26 20:24:32,RT @ZamundaTwice: “Man that corona? If you even BREATHED in the air you were dead. Six feet under!” - me to my nieces &amp; nephews in 2040 htt…,zamundatwice man rona even breathed air dead six feet nieces amp nephews htt,76,-1
211,2020-05-26 20:24:32,"Instead of having introductions or orientations, they have us read welcome slides cause of ms rona. Uni! Corona! Yay!",instead introductions orientations us read wel slides cause ms rona uni corona yay,82,0
212,2020-05-26 20:24:32,RT @corona_cards: Our cards can be customised and sent to anyone of any age. We recently sent #cards to a 15 year old struggling with #depr…,rona cards cards customised sent anyone age recently sent cards year old struggling depr,88,1
213,2020-05-26 20:24:33,"I have an embarrassing amount of friends who think they already had corona and have been out for Mother’s Day, Memo… https://t.co/Zkiyj2Y5Zf",embarrassing amount friends think already rona mother day memo zkiyj zf,71,0
214,2020-05-26 20:24:33,Here is a link for those who live in CA to sign up for free testing I already got my free test and I’ll update w/ m… https://t.co/Qug7TYVD3Z,link live ca sign free testing already got free test update w qug tyvd z,72,1
215,2020-05-26 20:24:34,The two most embarrassing incompetent Anglo-Saxon buffoons in English speaking history.,two embarrassing mpetent anglo saxon buffoons english speaking history,70,0
216,2020-05-26 20:24:34,"RT @AUThackeray: The good news: @mybmcWardGS now has 1002 happily recovered persons who fought and won against corona virus. 
Let’s spread…",authackeray good news mybmcwardgs happily vered persons fought rona virus let spread,84,1
217,2020-05-26 20:24:34,#Corona Estonia  BIG ASS STEPMOM CANT GO OUT WITH CORONAVIRUS LOCKDOWN SO SHE FUCKS HER SON porn usa https://t.co/Y4CfDuDjqO,corona estonia big ass stepmom cant go coronavirus lockdown fucks son porn usa cfdudjqo,87,0
218,2020-05-26 20:24:34,@babyilove816 @gig_taiko Its okay. @RSAAH_  got us covered with the snake Don plushie for the non-far easterners of… https://t.co/Qbyep8kQvj,babyilove gig taiko okay rsaah got us vered snake plushie non far easterners qbyep kqvj,87,1
219,2020-05-26 20:24:35,RT @Kevin_Maguire: Johnson paying a high price for his poor judgment on Cummings https://t.co/Su0D4CW9sO,kevin maguire johnson paying high price poor judgment cummings su cw,68,-1
220,2020-05-26 20:24:36,@AdvoBarryRoux Not about essentials anymore we just live like there is no corona virus,advobarryroux essentials anymore live like rona virus,53,1
221,2020-05-26 20:24:37,RT @CMShehbaz: Sudden increase in corona cases is deeply unsettling but was expected given confused policy of this incompetent &amp; directionl…,cmshehbaz sudden increase rona cases deeply unsettling expected given nfused policy mpetent amp directionl,106,-1
222,2020-05-26 20:24:38,@realDonaldTrump Are you to dumb to understand that playing golf is near to no risk to contract or spread Corona? O… https://t.co/1tJjdvAUXe,realdonaldtrump dumb understand playing golf near risk ntract spread corona tjjdvauxe,85,-1
223,2020-05-26 20:24:39,This thread needs to be read,thread needs read,17,0
224,2020-05-26 20:24:39,RT @ZamundaTwice: “Man that corona? If you even BREATHED in the air you were dead. Six feet under!” - me to my nieces &amp; nephews in 2040 htt…,zamundatwice man rona even breathed air dead six feet nieces amp nephews htt,76,-1
225,2020-05-26 20:24:40,"RT @PMSPUNJAB: It is with deep regret and profound sadness that we announce the death of our colleague Ejaz Ahmed ,PMS due to Corona Virus.…",pmspunjab deep regret profound sadness announce death lleague ejaz ahmed pms due corona virus,93,-1
226,2020-05-26 20:24:41,"RT @Kanseulir: Corona is not like your wife. Corona is your enemy, we have to cut the spreading of it. Do you want to sleep with corona?…",kanseulir corona like wife corona enemy cut spreading want sleep rona,69,0
227,2020-05-26 20:24:41,@owen_galt @NJGov Corona can be airborne moron. It's important to wear a mask,owen galt njgov corona airborne moron impo ant wear mask,56,-1
228,2020-05-26 20:24:41,RT @TomBasgen: I know just the city department that can tighten its belt to solve our corona woes. Dump every dime of the deficit on the co…,tombasgen know city depa ment tighten belt solve rona woes dump every dime deficit,82,0
229,2020-05-26 20:24:42,RT @ZamundaTwice: “Man that corona? If you even BREATHED in the air you were dead. Six feet under!” - me to my nieces &amp; nephews in 2040 htt…,zamundatwice man rona even breathed air dead six feet nieces amp nephews htt,76,-1
230,2020-05-26 20:24:42,"RT @greatpaul20: @pshegs #StopCovidLies
Do you know anyone, who knows anyone, who knows anyone that has Corona Virus?

Where are those with…",greatpaul pshegs stopcovidlies know anyone knows anyone knows anyone corona virus,81,0
231,2020-05-26 20:24:42,I can't wait for Li thani marra mon4ou 8 Mars ....wilayat el mahdiya 5aliya min corona :),wait li thani marra mon ou mars wilayat el mahdiya aliya min rona,65,0
232,2020-05-26 20:24:42,"RT @Wearethenews2: crazy corona graphic - USA deaths so far split into thirds - wtf
https://t.co/KX3wqVvyMy",wearethenews crazy rona graphic usa deaths far split thirds wtf kx wqvvymy,74,-1
233,2020-05-26 20:24:43,@emartinez78987 @KitemanArgues @TamaseseEdwin @BeckyJohnson222 @GreenbeltOutATX @Dietdee @bruce_barrett @LiamKav… https://t.co/8XbWu5b1uS,ema inez kitemanargues tamaseseedwin beckyjohnson greenbeltoutatx dietdee bruce barrett liamkav xbwu b us,105,0
234,2020-05-26 20:24:43,RT @carolecadwalla: Oh dear. Forget the dubious excursion on his wife’s birthday. Has Dom actually falsified the record of his own intellec…,carolecadwalla oh dear forget dubious excursion wife bi hday dom actually falsified rd intellec,95,0
235,2020-05-26 20:24:44,Prayers for everyone. Take care of yourselves!!,prayers everyone take care,26,0
236,2020-05-26 20:24:45,RT @TommyHicksGOP: “Americans will not accept arbitrarily and capricious rules to dictate our lives. The separation of powers built into ou…,tommyhicksgop americans accept arbitrarily capricious rules dictate lives separation powers built ou,100,-1
237,2020-05-26 20:24:45,"@atomic_phenom @AbramDolo @AdvoBarryRoux &amp; I also @some point was starting to believe th@ maybe it is a haux,until… https://t.co/zOjvz4fGYG",atomic phenom abramdolo advobarryroux amp also point sta ing believe th maybe haux zojvz fgyg,93,0
238,2020-05-26 20:24:46,"I am glad that you are fully recovered, BearCat. The AAC Mafia needs you. Please give Mrs. Bearcat my regards for p… https://t.co/1OBWEPIjQ4",glad fully vered bearcat aac mafia needs please give mrs bearcat regards p obwepijq,83,1
239,2020-05-26 20:24:46,"@AdrianCope7 @PaulHart1795 Highly advanced Research put an end to corona pandemic in days.
Only for highly educated… https://t.co/HOhyk8rmCh",adriancope paulha highly advanced research put end rona pandemic days highly educated hohyk rmch,96,1
240,2020-05-26 20:24:46,"RT @Satyanewshi: SP of Ujjain, Manoj Singh praying to Lord Mahakaal for helping India to overcome the Corona outbreak; but media won't show…",satyanewshi sp ujjain manoj singh praying lord mahakaal helping india corona outbreak media show,96,0
241,2020-05-26 20:24:47,"RT @TimesNow: Explosive Markaz report shows they ‘wilfully’ infected India, Maulana Saad’s defiance was ‘deliberate’ &amp; for 2 weeks they ‘br…",timesnow explosive markaz repo shows wilfully infected india maulana saad defiance deliberate amp weeks br,106,0
242,2020-05-26 20:24:47,"RT @MahmoodK69: This is coming from a man who jumped from one woman’s bed into another. 

The art of bed hopping taught to him by his MOTHE…",mahmoodk ming man jumped one woman bed another bed hopping taught mothe,71,0
243,2020-05-26 20:24:47,“Die of corona” aka live on a private island for the rest of his pathetic life,die rona aka live private island rest pathetic life,51,-1
244,2020-05-26 20:24:48,RT @SuperTwinerva: I am officially corona free. https://t.co/JaFkx36ymB,supertwinerva officially rona free jafkx ymb,44,1
245,2020-05-26 20:24:49,"RT @Sark_Royals: As The Official SarkNation Women's Wing, We Had Our Executives Meeting Yesterday 24/05/2020 To Discuss About Our Plans For…",sark royals official sarknation women wing executives meeting yesterday discuss plans,85,0
246,2020-05-27 05:47:22,"RT @KiranKS: 1) Why sudden aggression of China from the Tibet &amp; Aksai Chin sides against India in Ladakh?

Three reasons:
a) Divert from Co…",kiranks sudden aggression china tibet amp aksai chin sides india ladakh three reasons dive co,93,0
247,2020-05-27 05:47:23,"RT @vibhor_anand: Update: 

@CPDelhi initiates action against @IndianExpress Owner Vinit Goenka and It's Editor in Chief Raj Kumar Jha on m…",vibhor anand update cpdelhi initiates action indianexpress owner vinit goenka editor chief raj kumar jha,104,1
248,2020-05-27 05:47:24,im not even african-american and this video fucked up my whole day... i think corona a shitty way to go out but dam… https://t.co/klgdedJVA0,im even african american video fucked whole day think rona shitty way go dam klgdedjva,86,-1
249,2020-05-27 05:47:25,"RT @ECCMonline: #facemask #mouthcap #mundmaske #schutzmasken #mondkapje #gezichtmasker #Mascarilla #Corona #coronavirus 

3 layer 100% natu…",eccmonline facemask mouthcap mundmaske schutzmasken mondkapje gezichtmasker mascarilla corona ronavirus layer natu,114,0
250,2020-05-27 05:47:25,"RT @yadailymood_: corona virus will end soon, AMEN",yadailymood rona virus end soon amen,36,0
251,2020-05-27 05:47:26,PM’s Corona Relief Fund crosses Rs4bn mark https://t.co/wL0xzX5xea,pm corona relief fund crosses rs bn mark wl xzx xea,51,0
252,2020-05-27 05:47:26,"RT @project_umeed: Safe food ensures safety of the vulnerable families in need. Amidst the crisis, the compassion revolution is shaping the…",project umeed safe food ensures safety vulnerable families need amidst crisis mpassion revolution shaping,105,0
253,2020-05-27 05:47:28,Corona virus has caused cricket competitions to be cancelled. No alternative has been found. Even the MCC are stumped #wednesdaywit,corona virus caused cricket mpetitions cancelled alternative found even mcc stumped wednesdaywit,96,0
254,2020-05-27 05:47:28,RT @lAmLadyDon: This corona epidemic shows us the shortcomings of Nitish Government and it says that this government is playing a game of p…,lamladydon rona epidemic shows us sho mings nitish government says government playing game p,92,-1
255,2020-05-27 05:47:29,RT @WhenHeavenDrops: Come again? https://t.co/uMpijzV4zE,whenheavendrops come umpijzv ze,31,0
256,2020-05-27 05:48:12,"RT @pbhushan1: Sampat Saral on Corona Virus, Lockdown &amp; our Hanuman! https://t.co/lYS6VJiCX1",pbhushan sampat saral corona virus lockdown amp hanuman lys vjicx,65,0
257,2020-05-27 05:48:13,"What,s corona https://t.co/hfLCieYrIv",rona hflcieyriv,15,0
258,2020-05-27 05:48:14,@TimesNow @OfficeofUT After BJP kept away from power n due to Corona situation there were lots of such prisoners wh… https://t.co/HgYFyqHWaY,timesnow officeofut bjp kept away power n due corona situation lots prisoners wh hgyfyqhway,91,-1
259,2020-05-27 05:48:14,RT @GabbbarSingh: After killing Corona virus Indians rejoice https://t.co/gbgOiafWq5,gabbbarsingh killing corona virus indians rejoice gbgoiafwq,59,0
260,2020-05-27 05:48:14,"RT @atti_cus: BJP+hate media in overdrive to paint the incorrect picture that Maharashtra Government is doing a bad job. 

Do retweet and a…",atti cus bjp hate media overdrive paint rrect picture maharashtra government bad job retweet,92,-1
261,2020-05-27 05:48:14,RT @lAmLadyDon: This corona epidemic shows us the shortcomings of Nitish Government and it says that this government is playing a game of p…,lamladydon rona epidemic shows us sho mings nitish government says government playing game p,92,-1
262,2020-05-27 05:48:14,"Corona virus should not make us the children day, because it has been there and it will remain there even after cov… https://t.co/ZBPeZEnTH1",corona virus make us children day remain even v zbpezenth,57,0
263,2020-05-27 05:48:16,"RT @yadailymood_: corona virus will end soon, AMEN",yadailymood rona virus end soon amen,36,0
264,2020-05-27 05:48:16,"Will #Hollywood movies characterization change to small things instead of #Huge, for creating fear? Scary  movies l… https://t.co/ZjtgfF93EG",hollywood movies characterization change small things instead huge creating fear scary movies l zjtgff eg,105,-1
265,2020-05-27 05:48:16,RT @SanjeevSanskrit: This neechataa is now a locust attack or corona pandemic in Bharat. @noconversion has been creating so much awareness…,sanjeevsanskrit neechataa locust attack rona pandemic bharat nversion creating much awareness,93,1
266,2020-05-27 05:48:16,@astroehlein Why do you think he’s not resigned or been sacked? Because he’s the chief architect of both this faile… https://t.co/xmTONfwhQs,astroehlein think resigned sacked chief architect faile xmtonfwhqs,66,0
267,2020-05-27 05:48:16,"@GuptaRahul89 @PMOIndia @DefenceMinIndia @MPLadakh Not possible sir, due to crucial condition of corona , 
War can not be .....",guptarahul pmoindia defenceminindia mpladakh possible sir due crucial ndition rona war,86,-1
268,2020-05-27 05:48:17,"@ZeeNews @OfficeofUT CORONA-READY now?
Next is EASY-RULE+SOP
1
For FAST-Track+Record
&gt;ALL on HIGHWAY
MUST have WEEK… https://t.co/clgM5HGfBG",zeenews officeofut corona ready next easy rule sop fast track rd gt highway must week clgm hgfbg,96,1
269,2020-05-27 05:48:18,"RT @en_germany: While in April people still had to accept massive #restrictions, there are numerous #relaxations in May. What is important…",en germany april people still accept massive restrictions numerous relaxations may impo ant,91,0
270,2020-05-27 05:48:19,"RT @AnuragGhosle: #GeneralPromotionToMPStudents
M.P. Government planning to take exams. 
Le corona: https://t.co/6ddfCZrv6G",anuragghosle generalpromotiontompstudents p government planning take exams le rona ddfczrv g,92,0
271,2020-05-27 05:48:19,"RT @Supriya23bh: Prof Johan Giesecke to Mr @RahulGandhi : 

This is a disease that is spreading across the globe like a wildfire and almost…",supriya bh prof johan giesecke mr rahulgandhi disease spreading across globe like wildfire almost,97,0
